{"cameraMode":{"drawMode":0,"name":"Shaded","section":"Shading Mode"},"sceneLighting":true,"audioPlay":false,"sceneViewState":{"showFog":true,"showMaterialUpdate":false,"showSkybox":true,"showFlares":true,"showImageEffects":true,"showParticleSystems":true},"in2DMode":false,"pivot":{"x":0.6396135687828064,"y":7.247097492218018,"z":-19.812650680541993},"rotation":{"x":-0.24237464368343354,"y":-0.002329509239643812,"z":0.000584548048209399,"w":-0.9701949954032898},"size":0.2899946868419647,"orthographic":false}