{"cameraMode":{"drawMode":0,"name":"Shaded","section":"Shading Mode"},"sceneLighting":false,"audioPlay":false,"sceneViewState":{"showFog":true,"showMaterialUpdate":false,"showSkybox":false,"showFlares":true,"showImageEffects":true,"showParticleSystems":true},"in2DMode":false,"pivot":{"x":0.0,"y":1.8566350936889649,"z":-4.893312454223633},"rotation":{"x":-0.32993176579475405,"y":0.020386721938848497,"z":-0.007126187440007925,"w":-0.9437681436538696},"size":1.8005813360214234,"orthographic":false}